Timestamp,Name,CPU,Memory
2024-10-31 11:28:01,samdul-blog-3,0.01%,89.26%
2024-10-31 11:28:01,samdul-blog-2,0.01%,70.57%
2024-10-31 11:28:01,blog-lb,0.30%,0.86%
2024-10-31 11:28:01,samdul-blog-1,0.01%,72.59%
2024-10-31 11:28:01,login-app,0.23%,1.89%
2024-10-31 11:28:05,samdul-blog-3,0.01%,89.26%
2024-10-31 11:28:05,samdul-blog-2,0.01%,70.57%
2024-10-31 11:28:05,blog-lb,0.28%,0.86%
2024-10-31 11:28:05,samdul-blog-1,0.01%,72.59%
2024-10-31 11:28:05,login-app,0.21%,1.89%
2024-10-31 11:28:10,samdul-blog-3,0.01%,89.26%
2024-10-31 11:28:10,samdul-blog-2,0.01%,70.57%
2024-10-31 11:28:10,blog-lb,0.27%,0.86%
2024-10-31 11:28:10,samdul-blog-1,0.00%,72.59%
2024-10-31 11:28:10,login-app,0.18%,1.89%
